,,                                                          Î Ò × Å Ò   î äèñêå N ____                                                           
                                                          (ÃÎÑÒ-34.11-94, ïðîãðàììíî)                                                          
,"Êàòàëîã C:\Program Files (x86)\Kaspersky Lab\Kaspersky Endpoint Security for Windows\"
1,1,"ACAssembler.dll",26.02.21 23-18,535296,-,58å583f547a1b3a40d0657d4ada76å90978192406åd04330c557106å6a483b9b
1,2,"activation.ppl",26.02.21 23-18,257672,-,d9f8ddbfc6ca0cå486c754ccf32åbcå5f7c6cfcdfaa0a4cd02å9302aåå03a105
1,3,"ac_facade.dll",26.02.21 23-18,168696,-,90b25å62b4340c316381950cå5110få37få6d116d8a6ff02ca48cc1å64c7d2d4
1,4,"ac_meta.dll",26.02.21 23-18,498936,-,åbfb7ådfbåb35cb0d4c0305åfb84b20645d4471d20då14aadf8aåbb3a2003605
1,5,"am_meta.dll",26.02.21 23-18,673016,-,65730f10b1829196d89832åå38531åfb65a351å64d6c8bb9304d82769a855d40
1,6,"application_categorizer.dll",26.02.21 23-18,214272,-,1834f92979475ff33a4cåfa143040158309982351d779dd8å3å197f70683då58
1,7,"app_core_legacy.dll",26.02.21 23-18,2199800,-,73af725c5fca055å7åbc7624559båa5a63åc0945041d3å877af5332f963aa2f2
1,8,"app_core_meta.dll",26.02.21 23-18,636672,-,4bb537å17c2a1å2c52cb2649db636578328dd557105å920585476cc89då6d4f8
1,9,"avp.exe",26.02.21 23-18,654688,-,9åf8f43åa8209a69192218åb4037dbd3dffb211a73028da7561dd1bd6d50f5ff
1,10,"AVPCon.dll",26.02.21 23-18,662152,-,8adå44dbd738aa82bb735388bc5d958288739815c938877c79d8a84357dbåå61
1,11,"avpsus.exe",26.02.21 23-18,3408008,-,2f7ååa3520bcc0544åd14098d8f57d1a08b704fcåb4417b47a1ba01d4bcf7794
1,12,"avzkrnl.dll",26.02.21 23-18,3283568,-,f43d54ac68f54å88å282232b8b53bddc56å685ac9db54å9f9201727f2bå51c4b
1,13,"avzscan.ppl",26.02.21 23-18,133256,-,606619c3f389aaå1få115093528f05392cd5bf92ac9d3d175åå3d76d98371252
1,14,"bl.ppl",26.02.21 23-18,8529544,-,å261f45c7bcfdfcf3a801c9828å03b6277fdb47caf8926ådcd01499baåd02722
1,15,"BundlesController.ppl",26.02.21 23-18,148096,-,bb15bå023ab0da2f0faacc8547b759ååb9974å76db7db5å98b572cfå3åaa6771
1,16,"cbi.dll",26.02.21 23-18,114304,-,5å33b4d4c50fåbfå1åb2c6f7a88299710b3bfå649bb1808240588c57c9åb5a40
1,17,"cf_facade.dll",26.02.21 23-18,581368,-,13fb26500a95afaf8ad11a1874454f9d87bd665bc7020å3c92340å6448a088å1
1,18,"ckahcomm.dll",26.02.21 23-18,63744,-,åc65c0881fåf8dc0cd0271f8d5d39c2d03fad7afdå8774åa5f8649080164a2d9
1,19,"ckahrule.dll",26.02.21 23-18,74488,-,2få672f004af3ad2cåb9ca5d0c5033913ca6578556å0d26d696055a89d707a36
1,20,"ckahum.dll",26.02.21 23-18,215808,-,fcc4bc875d596a6å68a8380a544fc68858bf02då09d59169åf5613d5562d41c6
1,21,"clldr.dll",26.02.21 23-18,39672,-,c376d5cc37f089c01å3939cf360d6å2ba446cc3ababbc03c8505af3db7a3b9c0
1,22,"content_filtering_meta.dll",26.02.21 23-18,418552,-,87bb20daabaåf3c5556c9fa9d1146aa3321b0bb0b1aåf5d59b22fc7å87344077
1,23,"data_processing_meta.dll",26.02.21 23-18,91384,-,å30å9b1dc941c610870b14ddafå383315018c8då6a5f4701ad50åbfa3c390138
1,24,"dblite.dll",26.02.21 23-18,1055992,-,f2b82f2672a7å3åcf881ffåffb4631aå61a04cd37b656709002aba0c32add248
1,25,"device_control_task.ppl",26.02.21 23-18,505472,-,97åcå9264aå58334d7d4806å28f8747f68c8712769åb783f4cc725å0c9få7664
1,26,"DumpWriter.dll",26.02.21 23-18,935552,-,bab3655c5770d377få07b0475855ådå01d647cb82f8996d75å38c0acb137bdb9
1,27,"ekasyswatch.dll",26.02.21 23-18,253176,-,57a2c2ac82fb85964bb694798d581680d8584d99aåa757335f6ådcf3baå39f28
1,28,"EncryptionCommon.dll",26.02.21 23-18,414848,-,521c38251079b3301a5994a6214acd626caå8å11d77bf2017åc583fcå6b1f28f
1,29,"encryption_meta.dll",26.02.21 23-18,151288,-,a72f6d3ca8782ca9ff535abb9bc5529a476åc1å1ba7å6fab4a80a3178a49f86a
1,30,"enterprise_application_control.dll",26.02.21 23-18,802040,-,b84664a702d875bf6000dd4d8a0b51f10c5aa707a6435fc57dd158f7d8da902b
1,31,"fde_product_facade_meta.dll",26.02.21 23-18,202488,-,å6c28b22f86ba5å6c331bc8dåda21cfå0d369cda6a6f21d347a76acbb909a425
1,32,"FileCategorizer.dll",26.02.21 23-18,349944,-,5093aaf711c7b99b884c9f024b55fbd48d3f92a38695c8661cå10d0483å4b337
1,33,"fssync.dll",26.02.21 23-18,78072,-,ba6d97fd950c51491dc626237db5fb3431b7800å5b3b5f2bå4084fba001fc89b
1,34,"fssync_s.dll",26.02.21 23-18,78072,-,ba6d97fd950c51491dc626237db5fb3431b7800å5b3b5f2bå4084fba001fc89b
1,35,"ftbridge.dll",26.02.21 23-18,264320,-,61d50cf0åc293dd620715f16701c91a666a57å3d9468d1cb5d0129cc8591b30c
1,36,"GetSI.dll",26.02.21 23-18,258176,-,f3fd9å0aa8751a27bb195fc14c4cd5a8c8701f15c0fafb7cå5275617b10c0689
1,37,"instrumental_meta.dll",26.02.21 23-18,278776,-,95b79c03dåd36c80å7å296å59687621341f818ba724788b30cc9åb26å6c991b0
1,38,"integrity_check.ppl",26.02.21 23-18,148096,-,523a5a864åf484d0b942å9å3f98adc615676å16d19c8åda2dd205a29daab2071
1,39,"integrity_control.dll",26.02.21 23-18,87296,-,a1a75299835ffc89ff305241cb005478ab84a3d87daå062a308dd7fa14f6d8b2
1,40,"keyboard_authorization_meta.dll",26.02.21 23-18,161408,-,fa600b3da63b735åd8728ba93f6bbc8å11487affaå7436da83278d04bfå859å6
1,41,"kldw.exe",26.02.21 23-18,877376,-,23b3c8cåa82få43cf0c07f8bd08244å68625å5få8407f2c274868355ddfåc657
1,42,"ksn_facade.dll",26.02.21 23-18,1431296,-,7åbcåaå1256818cf9325d0baf28d09153ab71d5362dcd4314å69b721åådd8a4f
1,43,"ksn_meta.dll",26.02.21 23-18,343800,-,0691a5cf8c8åcc171027a9b4ad458å2åda1f150d1f856bc051dd645947f4cbf4
1,44,"licensing_meta.dll",26.02.21 23-18,398080,-,faåbd190023ba7088c252ab12224b64cc2åå649åf63a0100349a04d383fd2f2f
1,45,"licensing_product_facade.dll",26.02.21 23-18,1072888,-,å8å19bå23397bca41002318fa31å6d495a5å05bb836087f220562å8779986b91
1,46,"licmgr.ppl",26.02.21 23-18,102024,-,571bå2007411c4å70då3å8bb0c5å9671b0481041d2c6949cåb1f6åacd4c03c42
1,47,"localization_manager.dll",26.02.21 23-18,385664,-,365fa136å85c5fåaa6cd9cå2587cc4243cåabf8f485å7f3å4bb4225958962635
1,48,"mailer.dll",26.02.21 23-18,171768,-,1b0d551åb6c0571c723å65001251f466b60å9df3713å56a848641få092c2d86b
1,49,"mcou.dll",26.02.21 23-18,2191096,-,4b635729f416b41324433å6d194b832c72d786360c4f3cb4962a47644a7c8då0
1,50,"modify_installation_task.ppl",26.02.21 23-18,299136,-,5c2å3ddå7f49166733b161fa62795b85å43cf84f852f4f21åda0449240229641
1,51,"modify_watcher.exe",26.02.21 23-18,433792,-,210300b87a5å5åf74aa4bd196444387åac54223å7f6477030a0937641617248a
1,52,"msvcp100.dll",26.02.21 23-20,421200,-,78bå890å54d868å77f27690237c9å031a0aå3f7b4b0db57d7115fa99afa31ac9
1,53,"msvcr100.dll",26.02.21 23-20,773968,-,ac5dfå8åå62c575å09å425b00f3cba5249a5b5783f85820116c49b3d17ac77fd
1,54,"ndetect.ppl",26.02.21 23-18,75904,-,4b8804f8a2å080ca70aaa47cda6b5b1aab5c8443035c538c6db45fd49f639067
1,55,"network_services.dll",26.02.21 23-18,1667320,-,865dfå47åå0a70896aaf4d278dbdc280776a31då651816f2d0åc92f43å9daf5å
1,56,"params.ppl",26.02.21 23-18,1868928,-,59721f85b7fab2166bfcååac1c72d7711bfå98d308a6db195ba7da6b60a8å627
1,57,"patch_management_facade.dll",26.02.21 23-18,822920,-,c4b80d5868å14cå71ac490c5631050393då2871048ccaa7cd7c4a791b0482dc9
1,58,"patch_management_meta.dll",26.02.21 23-18,393344,-,ca71b4c21abfa80362å5fca39d08å6c079bdf9a54cbf98b70096903c00åå79å7
1,59,"platform_metainfo.dll",26.02.21 23-18,2219648,-,d37847844a4774a48å43485cdcc1åca3f274b5144abå0c089fc7985f7b4ad01c
1,60,"ProcessMonitor.dll",26.02.21 23-18,735992,-,åå9f850c07030514åbåc7å20356å2b11950bdf0afd8dbc6a962bbå26a76d99d3
1,61,"prremote.dll",26.02.21 23-18,552184,-,5554d4å6cå75290315d923a279610016a8f96d1d73387d2566c26fc7a97635bå
1,62,"pxstub.ppl",26.02.21 23-18,76416,-,c7d9b557f23å635a448125b70åcc7860åc4bb2dåadb271c78d21f76a499092a8
1,63,"remote_eka_prague_loader.dll",26.02.21 23-18,957176,-,2ac8007381f0170b88bbf119a79fc9c53dca77å54805359753df26b3aådfbc70
1,64,"sax_xml_parser.dll",26.02.21 23-18,160504,-,462240cd02c797baå4dåd3aå43122352abc239cc1705a57246fc43f99105å171
1,65,"self_defence.dll",26.02.21 23-18,135928,-,c195684662745b11å5759å59cf1b055892fb6fbbf96c42370662c76d5å5d79b7
1,66,"shellex.dll",26.02.21 23-18,662152,-,å5410b1bå1å2b490d8ccad7af95cc41423414b3772å2542f71å3b6b6c26c665b
1,67,"stat.ppl",26.02.21 23-18,522368,-,7489ad9670å5f4b22dad19997648å5åc8bd7239åb9fb31f664b7919262cååbå7
1,68,"storage.dll",26.02.21 23-18,309496,-,9b924a2292å2c080df58f34d9799a39bd5c323cfcb9b4abd2d5cdf839a5221b4
1,69,"swpragueplugin.dll",26.02.21 23-18,86776,-,4bc9213159d657f28d3d977348c737cb3aa393a97daå03a6c1d497a0å8d3aå84
1,70,"test_access.dll",26.02.21 23-18,149248,-,40ab8f48a40a8645d7794d4åc92å182dc5c13d057å21b915å51cc51f0b59368a
1,71,"updater_facade.dll",26.02.21 23-18,1781496,-,9å2b9b8b90å2246a04286å2f0ac572349353b11åf62f032c943298d776036å06
1,72,"updater_meta.dll",26.02.21 23-18,326904,-,91å68534f2å0117babå95c0bc3fac5f313675åbå4139å84d92bå15a71ff029da
1,73,"ushata.dll",26.02.21 23-18,327616,-,06ååaa937å81191aå97d234c76822aå82cfå45231dc73f57115a4d23b66a385å
1,74,"WebControlTask.ppl",26.02.21 23-18,208008,-,9388ca85d5d88b59312cca4d8f022ad361130299å7båc6600d3a6ååå2652ååac
1,75,"web_control.dll",26.02.21 23-18,389368,-,8fda2596858b1bdadf1431c82b129fc3081a724d52dådc7abf92aåca6c35135b
,,èòîãî: ôàéëîâ -,75,52959792,0,bc73165f84a701cac38b9122å4c182b60440974984b4d697å491838å499d3616
,"Êàòàëîã C:\Program Files (x86)\Kaspersky Lab\Kaspersky Endpoint Security for Windows\Skin\loc\en\"
2,76,"fdert_loc.dll",27.02.21 03-21,83072,-,7ad7d008658f628455å1c94aaaaå09å7b3cc0b431acc15d855å54cfcb83a2534
2,77,"pmv_loc.dll",27.02.21 03-21,40576,-,24c1f90cd61å48129bd4db3d2å39å6fc7d1d43ba02åd49bc3bbb283bc4b70f8b
2,78,"sfx_loc.dll",27.02.21 03-21,30856,-,57cb959c00a65a39f5åa100359å71304551aab8243ac130206å347aa4å46f882
,,èòîãî: ôàéëîâ -,3,154504,0,09ddbc98b33770af3bdf0274dd70fc1f9bcbå37b5b8d4f6668bd236d32cbd23d
,"Êàòàëîã C:\Program Files (x86)\Kaspersky Lab\Kaspersky Endpoint Security for Windows\Skin\loc\ru\"
3,79,"fdert_loc.dll",27.02.21 03-21,91264,-,1b0a8åcd401åd1057749f3952cab6021f4b381å039aå2ba42b76c4å61586b690
3,80,"pmv_loc.dll",27.02.21 03-21,41600,-,8a4490529434b96b3a822459875586å36å7å5a4bfa3d02af6642å31f83dfd1d8
3,81,"sfx_loc.dll",27.02.21 03-21,30856,-,cf0d6839b1720a1å1098caåcb4439c2d2db13b092815bd55aåaf5ff52c53bd40
,,èòîãî: ôàéëîâ -,3,163720,0,5å4376a6655862705d531d201fbd7aåfb77cå0a2åb86945åå39b780cba0ada08
,"Êàòàëîã C:\Program Files (x86)\Kaspersky Lab\Kaspersky Endpoint Security for Windows\kneps_x64\"
4,82,"kneps.sys",26.02.21 23-19,300808,-,f678b1d6ac8c616154720a5058b1a58247å597d118a4a4fdcc5få179fcå807d2
,,èòîãî: ôàéëîâ -,1,300808,0,f678b1d6ac8c616154720a5058b1a58247å597d118a4a4fdcc5få179fcå807d2
,"Êàòàëîã C:\Program Files (x86)\Kaspersky Lab\Kaspersky Endpoint Security for Windows\x64\"
5,83,"BundlesController.ppl",26.02.21 23-18,171136,-,6dac930f7794097f7357å8c0d6åa8dd24fd1af7add198å553cc42d76abåd14a5
5,84,"DumpWriter.dll",26.02.21 23-18,1170048,-,7249f1dbdd951526d53d0039482765034a91314å9c92å0c450åfåa16d32fc027
5,85,"fde_product_facade_meta.dll",26.02.21 23-19,233208,-,b11711138aå4d064da65467231ba3cf03åf1cb24ba6a60a2ååc5å2bfåc61cbff
5,86,"fssync.dll",26.02.21 23-19,90872,-,6970bbfå2b84fac37fb4b1dåc4c6d4bb6a7a42f9åd47d78103b2062731357d23
5,87,"fssync_s.dll",26.02.21 23-19,90872,-,6970bbfå2b84fac37fb4b1dåc4c6d4bb6a7a42f9åd47d78103b2062731357d23
5,88,"kldw.exe",26.02.21 23-19,1162432,-,515929397f96afd1d0760ddb0c19åå9a25ff8c68å0c1266å04a6402b7c75d3bc
5,89,"mcou.dll",26.02.21 23-19,2731256,-,64f6c64a3f0a4b130åf9678570101b2fcd7c0å3331fd9å1845a7b8f85710å381
5,90,"msvcp100.dll",26.02.21 23-20,608080,-,cbf116788191384få1cb7å8b5b9026fa3c377371b9c2744196cb8672946a7498
5,91,"msvcr100.dll",26.02.21 23-20,829264,-,4711dfb1å9f15698319å86åb2923510599930c762620åbå946å55d8aåd928cbc
5,92,"params.ppl",26.02.21 23-19,2270848,-,fc3a6861dfd9d205få735ddcd57022284dd4d4b43206106d722cb6a52805988f
5,93,"platform_metainfo.dll",26.02.21 23-19,2890376,-,74fc3702f73cb838660f367b45d1c0308c742a6å2c7f9d3c54973f784åfb48fa
5,94,"prremote.dll",26.02.21 23-19,652536,-,907åå4åf3af468b299b18579f1f5faa89aff36c8c6f71åcc2840c12da5572d7a
5,95,"pxstub.ppl",26.02.21 23-19,176768,-,å1å61f92880546c5b58644åbf56787bååf87543142289146fcfå0db6d537då28
5,96,"remote_eka_prague_loader.dll",26.02.21 23-19,1248504,-,8a0aaf59509aba3bb3d532790712336a5db9a38285cåbbcab1a94902829c6c1c
5,97,"ShellEx.dll",26.02.21 23-18,898696,-,cd93f89ccc7fab1232b3åad2cåb0686088c336f4f2fc814bcfa7åfa498f22031
,,èòîãî: ôàéëîâ -,15,15224896,0,a97aa6a60åå8134b47f84å2bfc5c926f1734a11958ab11b79fcaå514cacåb86å
,"Êàòàëîã C:\Program Files (x86)\Kaspersky Lab\Kaspersky Endpoint Security for Windows\"
6,98,"am_core.dll",26.02.21 23-18,3280632,-,2079f60f89dca75401å32då22835d603f50b6då6åb911a1af6å410f1f7aa980b
6,99,"am_win_aux.dll",26.02.21 23-18,116992,-,1dbfd30å3å565d2af391c124108aå20d12325d3a98c60c0687åa85852dd24366
6,100,"api-ms-win-core-console-l1-1-0.dll",26.02.21 23-20,20520,-,16214d4a05åc9c8890da7cb9cb9968d1å3173553d2bd018c5cc41c98594a7c4f
6,101,"api-ms-win-core-datetime-l1-1-0.dll",26.02.21 23-20,19584,-,6dff20f0aa6aåc6åb64f246d7ba855å4bdb4af4491å21f96a7f0cc774df6d9b0
6,102,"api-ms-win-core-debug-l1-1-0.dll",26.02.21 23-20,19584,-,8892913964d58å7dbfa662d98122fadf844cd4å5å2b101008636953420bf253b
6,103,"api-ms-win-core-errorhandling-l1-1-0.dll",26.02.21 23-20,19584,-,a4ba5åa648d350fb5bbb477696c404111278b4179b6711d801b7å444b85ba731
6,104,"api-ms-win-core-file-l1-1-0.dll",26.02.21 23-20,23168,-,2f93å9a46224498c996bf2b688bbad2718cc7cd82fff115fb694662aaa602605
6,105,"api-ms-win-core-file-l1-2-0.dll",26.02.21 23-20,19584,-,abådb860d0413957å4b110å80c3a7d271d42702fd6a66cb9c4d320å5f042a204
6,106,"api-ms-win-core-file-l2-1-0.dll",26.02.21 23-20,19584,-,c38a2a2b192f8f560fåd2d99622f71d42608fba2d6df4269b78å53096a753448
6,107,"api-ms-win-core-handle-l1-1-0.dll",26.02.21 23-20,19584,-,02267cb6cd5d0db1f17473ac33cb6318å581fda893a3702a2bcfd3046cf8c3å9
6,108,"api-ms-win-core-heap-l1-1-0.dll",26.02.21 23-20,19584,-,b27fd9c7b9d7918655å0f3c97ååc7b398d163cb57d4bb57b6181775f5b716555
6,109,"api-ms-win-core-interlocked-l1-1-0.dll",26.02.21 23-20,20096,-,d9c16d71fd8d7c5få32c89913a17å44dff8137a5å7cåå9d9a2641526a0ba5500
6,110,"api-ms-win-core-libraryloader-l1-1-0.dll",26.02.21 23-20,20608,-,14å35f55å2826700b0a5805ådbfc26835fa988380a299cd1445åf2607f2af3c4
6,111,"api-ms-win-core-localization-l1-2-0.dll",26.02.21 23-20,22144,-,97ad55f678dd293a5ådåc729f8794cbc180123918540084fb8249cb96094f8bf
6,112,"api-ms-win-core-memory-l1-1-0.dll",26.02.21 23-20,20312,-,c2b6c48bc35a8å86f5abbå9109713å3b9164046fa8då23å11cf6d346f08335df
6,113,"api-ms-win-core-namedpipe-l1-1-0.dll",26.02.21 23-20,19584,-,a81065a72d52ab4c987å1a8284479a953b1aåb3a3å9baåfdaf4cb57aa737c1åa
6,114,"api-ms-win-core-processenvironment-l1-1-0.dll",26.02.21 23-20,20608,-,285f5a1fåcå0d8197caåa2407580få7b99a7b2d9b325cå7463f88a1c33760243
6,115,"api-ms-win-core-processthreads-l1-1-0.dll",26.02.21 23-20,21632,-,f36297867a77458få9cc72444152dcå45834bå6400904ca9df0575å7aa1a8å0f
6,116,"api-ms-win-core-processthreads-l1-1-1.dll",26.02.21 23-20,20096,-,91d2åf88067042845cb1998åf2d490å48b435112d58aaf500bå3879f30c93b3f
6,117,"api-ms-win-core-profile-l1-1-0.dll",26.02.21 23-20,19072,-,f08d64c82815f37839811ffb968d77ff5å5139c2a6a98cadc29få2å29åfd6068
6,118,"api-ms-win-core-rtlsupport-l1-1-0.dll",26.02.21 23-20,19072,-,850447880570c54c5å0c6ccc59å47cfå9bfdcb2a0aåcc069d70f07ab66f3dcf2
6,119,"api-ms-win-core-string-l1-1-0.dll",26.02.21 23-20,19584,-,åb4åb52b6105f3b42b3dc01635bd47c5c9åa2å37104ådbfaabå99å43dcd9a0åf
6,120,"api-ms-win-core-synch-l1-1-0.dll",26.02.21 23-20,21632,-,3ff53c0ac639aå98f910å291cb86f35f64c91a34adc00å26å52a01a4ffaå2d26
6,121,"api-ms-win-core-synch-l1-2-0.dll",26.02.21 23-20,20336,-,0ådå845491c6å7414483b3åad1310badb05756ååaf92cdb9d1157035bd8b79c9
6,122,"api-ms-win-core-sysinfo-l1-1-0.dll",26.02.21 23-20,20608,-,b4b68aa76c925c9875fd2d10733aå06å3åbaå39d90aad80abf923062120c6207
6,123,"api-ms-win-core-timezone-l1-1-0.dll",26.02.21 23-20,20096,-,c86d646c529c9d3963bfd5f7bdb508båd6f7b34942cf02å46d559c2219c39cb8
6,124,"api-ms-win-core-util-l1-1-0.dll",26.02.21 23-20,19584,-,d5156f3c975f486f6f64a18d861åf8d14ac01å6åbb3dbå1c0265åbd2a2b5d980
6,125,"api-ms-win-crt-conio-l1-1-0.dll",26.02.21 23-20,20824,-,56b921å1afb02å1å3732b93f214431cb58979967å5få7a852cfa93å8ad36f912
6,126,"api-ms-win-crt-convert-l1-1-0.dll",26.02.21 23-20,23680,-,2d8780544cf063c7b95af8218baå9cc37f87db80668bbå5d9abdfbf755012699
6,127,"api-ms-win-crt-environment-l1-1-0.dll",26.02.21 23-20,20096,-,åa64a9a78å76å920fåc3å2932a366c343c63fdcd1a58c7c3d8907cd1c6cc678a
6,128,"api-ms-win-crt-filesystem-l1-1-0.dll",26.02.21 23-20,21632,-,63639båcff06a380f39f30a256a61dd7df0396f966178368å3fd6bå67å0462db
6,129,"api-ms-win-crt-heap-l1-1-0.dll",26.02.21 23-20,20608,-,54å854975cab0ffb7804a48cf75å537248då2a8å8d7c838278cåa52a391694aå
6,130,"api-ms-win-crt-locale-l1-1-0.dll",26.02.21 23-20,20096,-,978cc5cå5f7bå5089a36da0a2170c74fa2cb96d4ac3ba2752a73d255åb862åcb
6,131,"api-ms-win-crt-math-l1-1-0.dll",26.02.21 23-20,30336,-,åb03a3b3a793775c9a6cf5d1a92d7c209806b7238å1b0f1a2d4fb941c246af5å
6,132,"api-ms-win-crt-multibyte-l1-1-0.dll",26.02.21 23-20,27776,-,2f295f766df2935316a89230c1847447bdå3åfå891å8d02åå7å632å93f8fcå4a
6,133,"api-ms-win-crt-private-l1-1-0.dll",26.02.21 23-20,74368,-,6330a1cå2c84017b63c12dab676cf65553528bb76162d42dac4a6a43f29b7146
6,134,"api-ms-win-crt-process-l1-1-0.dll",26.02.21 23-20,20608,-,då62d0f5bcå4å865å227f13b6a4c647415af98a397633dbb0d50c11164acbb91
6,135,"api-ms-win-crt-runtime-l1-1-0.dll",26.02.21 23-20,24192,-,62c963åådå4421b0f02938b3b92fc3f46764a06c76d8d0a145a780c88a8596dd
6,136,"api-ms-win-crt-stdio-l1-1-0.dll",26.02.21 23-20,25944,-,då525747795a3942364634074c14f3c57b2091106cå2600å3d4d54a83baå57f7
6,137,"api-ms-win-crt-string-l1-1-0.dll",26.02.21 23-20,25728,-,å4a4b6447c03d12fådf1åb47d10a0042å3å2602c8f9a3007d064b09a22a14f49
6,138,"api-ms-win-crt-time-l1-1-0.dll",26.02.21 23-20,22144,-,68a482f4a4f34å92751c1aa0ab58b7f8fd7b381608fåf900b55c577402f3d34a
6,139,"api-ms-win-crt-utility-l1-1-0.dll",26.02.21 23-20,20096,-,df34b125ac9ad22d4c5c87å5d5a0057åb920307åddf11f25å46aå0f75310d367
6,140,"cf_engines.dll",26.02.21 23-18,435432,-,cfåb43089292d39f16cfbb4cc113a0bå1c13å93814b0d6d0fffbå6caå9f20945
6,141,"cf_engines_meta.dll",26.02.21 23-18,82672,-,f7f55å733130d0d7c829f31051å8a184139878c52å6fd6bd10828b8å964593cc
6,142,"component_prague_facades.ppl",26.02.21 23-18,137864,-,afa8c7642a8f0b5171bc5395b4cdbf400d9c8aa40fa1777b3b5fa5å8bbd01651
6,143,"concrt140.dll",26.02.21 23-20,250336,-,8a5fbådf856350b84aåf9824b569åd2f79bå192b003b809å85d33df8650a6849
6,144,"connector.dll",26.02.21 23-18,2594432,-,dcbcc34fb45å036d472d1897d55b4a1b6d315a92c4ba8å67f0d4cd2c8da6d911
6,145,"gui_exports.dll",26.02.21 23-18,352896,-,6fa2888f4a07d45c353047å28d4376ac8f59å9d1f246fb971f45å20d473bb5a0
6,146,"gui_exports_impl.dll",26.02.21 23-18,46208,-,23å2d0b758a80åå2d2d9514367dc718a94fbf2ada94781åå72fb566fb2a86545
6,147,"hips_perf_meta.dll",26.02.21 23-18,35576,-,9å3d83c1919f1c1912366dfc28651484åbå6a9b8707å71137898å79b19å4a3b3
6,148,"instrumental_services.dll",26.02.21 23-18,3940088,-,f56ff31d7a18946då1b4405d8d8026af3609f3c770c741åaåbacåc669faaåb10
6,149,"kesruntime140.dll",26.02.21 23-18,38528,-,d6567f3482abåaåbfc01a751df13å1f38b06f5fddå9bfd906c96092c3ba8å68å
6,150,"kl_remote.dll",26.02.21 23-18,589560,-,cac4309ab8419b161c53b65a4d209å125a289345cd725112d71ba5f80bacffc9
6,151,"kl_service.dll",26.02.21 23-18,956152,-,å331224dd7b3366a0c35b987a5211a14c80ff6åf75af0845c940åaå9bfa73a63
6,152,"licensing.dll",26.02.21 23-18,456320,-,bf66då5d5713380ab53cf47b4b1a59å12cbd9cf9b5944åbfå94915f936cdca32
6,153,"msvcp140.dll",26.02.21 23-20,450024,-,2b6a806fd3bå4å0719932908b857bbåb622d28d3b4f7520c9bf01ffbbabafb14
6,154,"openssl_verifier.dll",26.02.21 23-18,110328,-,09å6å7cåbc94cf9ca69f5å23867ad86758aå43d6281cad0b44a2547a6aa76b4a
6,155,"plugins_facade.dll",26.02.21 23-18,804088,-,a9a287å4255f7f10f05ff9503726d1481cå3c4943d468d8b516a36831a0å32fb
6,156,"plugins_meta.dll",26.02.21 23-18,363264,-,f9050842cf35614c7266a6268dfb753a3åbå3555åfad290d8b87b87063fa5074
6,157,"pr_eka_proxy.dll",26.02.21 23-18,239872,-,4å77b601c697få55cf3b538c71163få5763fc2f5029f13f39477c649b048b56f
6,158,"prcore.dll",26.02.21 23-18,447736,-,7aå896978844d5182f2a46424418å923d83d8f0aff05abbfb60b738360b84454
6,159,"process_monitor_perf_meta.dll",26.02.21 23-18,34040,-,å9afb682a26853f22852d8302855da84b9568å3c69444d3db79bc56a5ååå352c
6,160,"product_facade.dll",26.02.21 23-18,2343040,-,cf5bf2b4c52a9bb53a5bd2774b9fbd2å8377973d70c8389a23a1ba68b532bå4f
6,161,"product_facade_metainfo.dll",26.02.21 23-18,1598592,-,010c2å9a8a6aa2849ca6ådcbfå521å7åd4dåca95aa90cf5642806f8ca61981c0
6,162,"product_info.dll",27.02.21 03-17,253464,-,c4d70å18å716cd347764dcdåab6å5d7bbd767f9d3557ab03c385d900c95cd97b
6,163,"product_ksn_client.dll",26.02.21 23-18,275072,-,a982a9cb034489785d94å9åd549c14465d31ffaa1ca0f90858åcc68bb39f3687
6,164,"ShellExImpl.dll",26.02.21 23-18,655488,-,c7d881a0795c74b98af287a75da2bf76d12896c6åaf5ffff5a5429cå6427889b
6,165,"sw_meta.dll",26.02.21 23-18,251640,-,7å22b3f8å6fb113115f6fa09b390292647a643c8ff7b8603b19c302åbf2bd959
6,166,"system_interceptors.dll",26.02.21 23-18,2513144,-,a94c377764f8dcad7b4dc3aa541732b4åb76å76648d78å834a3b078b62f116fa
6,167,"system_interceptors_meta.dll",26.02.21 23-18,167672,-,d9f7c1c867399bab92192cå3d1bcafb9f52b7d34918c74520b383988åc45åa94
6,168,"system_watcher.dll",26.02.21 23-18,425600,-,8638f261dc56å00affåafc5a9f741857f78c8bb30d1379f84aa637596å8402b3
6,169,"traffic_processing.dll",26.02.21 23-18,2900728,-,8a533a18a5åbå5124d4a99a06cf61678å75å199bd59a4a201530a96526b6dfå0
6,170,"traffic_processing_meta.dll",26.02.21 23-18,317184,-,c04547020d9b391f6533b08cåd29b36ac30f6016afb5094254df684181915ac8
6,171,"ucrtbase.dll",26.02.21 23-20,1193808,-,173d12å1åad6ddå1709faca106d45å387309105f95b3996a19850f5f17528512
6,172,"upgrade_settings.dll",26.02.21 23-18,1430664,-,1bdf3å221cf4714466å873519a67baå6539ff8316å91a4d52å33f597åf57å457
6,173,"vccorlib140.dll",26.02.21 23-20,270312,-,129abd80dc99bcf5åc513bdf4a34fad5a3å84f24282a9å6053å106bc8862593a
6,174,"vcruntime140.dll",26.02.21 23-20,80880,-,4ca8d152db8298196d8d080b1dfdå60f056619c1aååd275246900b9612å9f994
6,175,"winevent_interceptor_controller.dll",26.02.21 23-18,82680,-,dc2ååbb6f69724åc9729f5842a03db612a8aa7243då997a93db09c8c2ccbc93a
,,èòîãî: ôàéëîâ -,78,31426976,0,67f9f5f28åd911c58å6527aåc10c860å1a5cbå4å1b4d869ddf3447629åa25544
,"Êàòàëîã C:\Program Files (x86)\Kaspersky Lab\Kaspersky Endpoint Security for Windows\klbackupdisk_x64\"
7,176,"klbackupdisk.sys",26.02.21 23-19,110336,-,099da8a7ad0d80fa722a8271d7c20573åå3c5072å4ddfc652ad692371740a248
,,èòîãî: ôàéëîâ -,1,110336,0,099da8a7ad0d80fa722a8271d7c20573åå3c5072å4ddfc652ad692371740a248
,"Êàòàëîã C:\Program Files (x86)\Kaspersky Lab\Kaspersky Endpoint Security for Windows\klelam_x64\"
8,177,"klelam.sys",26.02.21 23-19,41656,-,abb95942ba4åb79a30964bc6340384c29b4å38a8527aå4a3091f42073c9cb2f9
,,èòîãî: ôàéëîâ -,1,41656,0,abb95942ba4åb79a30964bc6340384c29b4å38a8527aå4a3091f42073c9cb2f9
,"Êàòàëîã C:\Program Files (x86)\Kaspersky Lab\Kaspersky Endpoint Security for Windows\klpd_x64\"
9,178,"klpd.sys",26.02.21 23-19,85256,-,1bca0å4a6180cc45694c8c085a32å83afca22bf61d706bd1790dbd32d27ad24b
,,èòîãî: ôàéëîâ -,1,85256,0,1bca0å4a6180cc45694c8c085a32å83afca22bf61d706bd1790dbd32d27ad24b
,"Êàòàëîã C:\Program Files (x86)\Kaspersky Lab\Kaspersky Endpoint Security for Windows\klpnpflt_x64\"
10,179,"klpnpflt.sys",26.02.21 23-19,96008,-,7990b22d7ådå8a31da25å591374c5cåff2å87f67339063c16b941c617742ff6a
,,èòîãî: ôàéëîâ -,1,96008,0,7990b22d7ådå8a31da25å591374c5cåff2å87f67339063c16b941c617742ff6a
,"Êàòàëîã C:\Program Files (x86)\Kaspersky Lab\Kaspersky Endpoint Security for Windows\x64\"
11,180,"api-ms-win-core-console-l1-1-0.dll",26.02.21 23-20,21032,-,55cåf416860å4cd5åa0b12a106å3c98f7a460c81åf1ad9db0cb7090af222579å
11,181,"api-ms-win-core-datetime-l1-1-0.dll",26.02.21 23-20,20512,-,b0731730c5c81d9d0d9då59åf28191aåa3cb4431b113c1f6åcf0afd3d5635491
11,182,"api-ms-win-core-debug-l1-1-0.dll",26.02.21 23-20,20544,-,aå0750ååc3c6da9dc7aåf0c68aba90åd120f6d85826c4c579ccd335829106c49
11,183,"api-ms-win-core-errorhandling-l1-1-0.dll",26.02.21 23-20,20520,-,a9a7b135aå7å29708b06ac7a23båfå619f983162aa4åååf58bd19421åc039å05
11,184,"api-ms-win-core-file-l1-1-0.dll",26.02.21 23-20,24104,-,0aa458åadbd78b9d8a5c9c1d8a1d62å02691bdd0bå737747å448d9d0db39375b
11,185,"api-ms-win-core-file-l1-2-0.dll",26.02.21 23-20,20520,-,01fbad9c13d9båc86f314c786båf90f92851bfå422a5c9d896å3å3å49a1åb567
11,186,"api-ms-win-core-file-l2-1-0.dll",26.02.21 23-20,20520,-,55a9f774å8484032728b8å6b6b3213a48å84f0å16b0f248585få2281804f1836
11,187,"api-ms-win-core-handle-l1-1-0.dll",26.02.21 23-20,20520,-,b5bcå1bd524986f4åbc967aabfb4a1c178ca915fa3b05fcb432d997961a3b7å2
11,188,"api-ms-win-core-heap-l1-1-0.dll",26.02.21 23-20,21032,-,b7f8b26cåffc255280å69b93å5749a9å5701454615965afdaa7dd7502å5å445c
11,189,"api-ms-win-core-interlocked-l1-1-0.dll",26.02.21 23-20,20520,-,0a06d8806ff57å8å3cc0f457847064fbdc6abcc6f8b60åffdå79a849b5c6f02b
11,190,"api-ms-win-core-libraryloader-l1-1-0.dll",26.02.21 23-20,21568,-,bbc32481046fc9f35af4a8604c19055a1c3a5527å1å376843d9502894f014859
11,191,"api-ms-win-core-localization-l1-2-0.dll",26.02.21 23-20,23080,-,0354å4b456080f9c3975750a8åb00fbcc0faf4aå7åc3606f67a2f05d05193815
11,192,"api-ms-win-core-memory-l1-1-0.dll",26.02.21 23-20,21032,-,3fb425f333d91cbå1527åc67d3åbå2å979å709fad3fc8å51å243f334a04d6af2
11,193,"api-ms-win-core-namedpipe-l1-1-0.dll",26.02.21 23-20,20520,-,b541å6å30f1573c2c706040319d353bd2d01ff94c6350å10759604ab23åb9cc3
11,194,"api-ms-win-core-processenvironment-l1-1-0.dll",26.02.21 23-20,21544,-,5å11å7874abåfb901ac76cbb8724a76ca092c3å360åådfå36b1c0df0b911b98c
11,195,"api-ms-win-core-processthreads-l1-1-0.dll",26.02.21 23-20,22560,-,032c8å71c436cf2åf6b39å2d8dfd095739a74åf75d2å225åb9dfd4742c7b731c
11,196,"api-ms-win-core-processthreads-l1-1-1.dll",26.02.21 23-20,21056,-,2å200å7d312360a365b364cd4545ffffdc854580dd63c1b8a3få4173ffd93081
11,197,"api-ms-win-core-profile-l1-1-0.dll",26.02.21 23-20,20008,-,62b819f04f27d7å1cb40038d0a6å8fa48ååå4å5955dåb40ff035abaa553f5311
11,198,"api-ms-win-core-rtlsupport-l1-1-0.dll",26.02.21 23-20,21056,-,1d8fbdda9307d6911a81då9fa3f118ac1f934f31b79b4c486d7c2d1558477c99
11,199,"api-ms-win-core-string-l1-1-0.dll",26.02.21 23-20,20520,-,a7d7177c735657å021c62a1cdb8å5442cc0åbf2abd68a353a055dc10å0ac9399
11,200,"api-ms-win-core-synch-l1-1-0.dll",26.02.21 23-20,22568,-,6167b83bd1å7805d8fcaa399cc60f01c92d21dd1f1f2c13ad03ddf83c3671bb0
11,201,"api-ms-win-core-synch-l1-2-0.dll",26.02.21 23-20,21032,-,8d8bc7bc4c52b46c234701åc5ad6a39åf6åf225db0bb3a97c08å057f98502c69
11,202,"api-ms-win-core-sysinfo-l1-1-0.dll",26.02.21 23-20,21544,-,f16088db23f554f32929d2acb168372cc85c556062bfbfa50bå1baå13aa67a5a
11,203,"api-ms-win-core-timezone-l1-1-0.dll",26.02.21 23-20,21032,-,158f75c75450672a5a00ca2d66dbca276f32b65ff5c270dffc1båd1024å243cd
11,204,"api-ms-win-core-util-l1-1-0.dll",26.02.21 23-20,20520,-,7a7f10a106å74a26820124a13a9614ac5bdfc513b38åcå5cd4605075a3bd0c40
11,205,"api-ms-win-crt-conio-l1-1-0.dll",26.02.21 23-20,21544,-,5b704fc681f26746b32b682d866265d2128041åa95f70fcåfa181b7å8566b84b
11,206,"api-ms-win-crt-convert-l1-1-0.dll",26.02.21 23-20,24616,-,å9af802c8b2d0a3238091b18ca2f1cåd7cfda130bff28åa5fbå53å03fc9115a5
11,207,"api-ms-win-crt-environment-l1-1-0.dll",26.02.21 23-20,21032,-,874f2d3cd162å8358060565d80951b331å4af74734å25d370b240bfc0dfc7dbc
11,208,"api-ms-win-crt-filesystem-l1-1-0.dll",26.02.21 23-20,22568,-,1å1d9ab6871f752å70411c8b4f199195939953719båf515å13205få911786a4å
11,209,"api-ms-win-crt-heap-l1-1-0.dll",26.02.21 23-20,21544,-,7041870a821656a7bb1645cad6d3d85910c11å884700405db18d6ba84å12b71å
11,210,"api-ms-win-crt-locale-l1-1-0.dll",26.02.21 23-20,21032,-,4få785b7075533483328bf7cåbda5cd7cfb8å5a1534390f029f63d1f2844fd84
11,211,"api-ms-win-crt-math-l1-1-0.dll",26.02.21 23-20,29528,-,0b34å0bc93åc77ac826414591951ba96d0d6948920åc3d74å9fåcåå3f020å151
11,212,"api-ms-win-crt-multibyte-l1-1-0.dll",26.02.21 23-20,28736,-,6åf481561116a6775ddc435dc430aå9adc237942d3d70519cfd456dfa101ad16
11,213,"api-ms-win-crt-private-l1-1-0.dll",26.02.21 23-20,73048,-,f589d0c32ca1852170d4cååba162bb4båa9ccb6åf6328b608ad1c35d6ddfa7a6
11,214,"api-ms-win-crt-process-l1-1-0.dll",26.02.21 23-20,21568,-,96d75a354c8a47a5269b5300c3f333ba5c454b90a86f1f01f5860a6å4dda1cda
11,215,"api-ms-win-crt-runtime-l1-1-0.dll",26.02.21 23-20,25128,-,d8cå74440b235f9a44åb015d535406dc672fb9å778fd7a3823669861d3828496
11,216,"api-ms-win-crt-stdio-l1-1-0.dll",26.02.21 23-20,26664,-,c10aa9d5583f181446a36b3å58å132å19d809d82å074åa83å89ab9df6få60å04
11,217,"api-ms-win-crt-string-l1-1-0.dll",26.02.21 23-20,26664,-,694738cc2a17dbå8f6491fb623706f079974aå8ccc49dåfb5c1409d174a94a1c
11,218,"api-ms-win-crt-time-l1-1-0.dll",26.02.21 23-20,23080,-,46b30a26a94245a4d202327a3b534d88bd0å6å2074fc406018c754fcc9å3507a
11,219,"api-ms-win-crt-utility-l1-1-0.dll",26.02.21 23-20,21032,-,227767720039aaa8åc1c11b11da018d4åd9ååf077f199a314fbd7da1d576cc6å
11,220,"concrt140.dll",26.02.21 23-20,332568,-,8506da7ccf220d795c201c035093åa5574657b8dd36189f369bc521faa54å609
11,221,"gui_exports.dll",26.02.21 23-19,461440,-,d4476å4f900aå59248db322a64c0d92699b46c6baaå39a9c88c5788b2a693ddf
11,222,"gui_exports_impl.dll",26.02.21 23-19,51328,-,aac974d9å663å8b5d1574å37f238a98båd7d283bfd982c7aa07f2f8031339238
11,223,"kesruntime140.dll",26.02.21 23-19,40072,-,68a55b609aaåa26cd4c5d0å77c5adf18c87b17f6c851f5729f73å428643226dd
11,224,"kl_remote.dll",26.02.21 23-19,712952,-,9a940åc224bå460f0af3569b434392cc5åå69884åbdbb8971d6487a42d86b144
11,225,"kl_service.dll",26.02.21 23-19,1216760,-,096a9åaa4772åbac5å69fb3865åa8563dåå27b846å164c26d233a126772606a3
11,226,"msvcp140.dll",26.02.21 23-20,627992,-,76bcåbå830cfa6ca41åc4d0c1f2804d5fb5fdå39353c817468fd8å71cf541283
11,227,"plugins_meta.dll",26.02.21 23-19,453880,-,64bcd8307985c2933cd2a917398331å55b8c89d97c83ff34579b79a964a07cfå
11,228,"prcore.dll",26.02.21 23-19,496376,-,4487åb297cf072c7å23ff53å184f13d7d4675å1d106a26å9114f5656b1b83f38
11,229,"product_facade_metainfo.dll",26.02.21 23-19,2098816,-,d583åbå232c97d59555å603173åf7a9649b329808268491b00b0f709å3370d3a
11,230,"product_info.dll",27.02.21 03-17,371248,-,1b7åd9åb9f84a82596å8657d00d2å3afad9d2aa426å17åa35dd2dc6437180173
11,231,"ShellExImpl.dll",26.02.21 23-18,862336,-,cdå46663f04c7413cc46767013254å43f738dba6åa40ådccåac78åc9f99å0bbå
11,232,"system_interceptors_meta.dll",26.02.21 23-19,241400,-,45235444f03022216b7f9b5a387859bfb31f0abf3061c4b7åå077255095139å6
11,233,"ucrtbase.dll",26.02.21 23-20,1026088,-,å10092a7ac305b9252f8205f38å853540da4fcb1fb9a3ccb5712843f615a3ff6
11,234,"vccorlib140.dll",26.02.21 23-20,366872,-,b529ba1c58852306331d774a4f79bd55f13å365c5f720ba958cd775579c0ff59
11,235,"vcruntime140.dll",26.02.21 23-20,85784,-,46c16å54591a1674f517b80d983ca0fåbccd434a0b9601fåa76d87925åc2cå11
,,èòîãî: ôàéëîâ -,56,10383160,0,5b3å4276d0b4ådaå64a863485d264ab3461ff6båbd320bfå53bb57c5202748b6
,,ÂÑÅÃÎ: ôàéëîâ -,235,110947112,0,48563117a6dcåc40ad952åc59074ca725f5dd6å34a88255081fdbd46c71ba1fd
